first_name,last_name,company_name,address,city,country,county,state,zip,phone1,phone2,email,web,,,,
James,Butt,"Benton, John B Jr",6649 N Blue Gum St,New Orleans,US,Orleans,LA,70116,504-621-8927,504-845-1427,jbutt@gmail.com,http://www.bentonjohnbjr.com,,,,
Josephine,Darakjy,"Chanay, Jeffrey A Esq",4 B Blue Ridge Blvd,Brighton,US,Livingston,MI,48116,810-292-9388,810-374-9840,josephine_darakjy@darakjy.org,http://www.chanayjeffreyaesq.com,,,,
Art,Venere,"Chemel, James L Cpa",8 W Cerritos Ave #54,Bridgeport,US,Gloucester,NJ,8014,856-636-8749,856-264-4130,art@venere.org,http://www.chemeljameslcpa.com,,,,
Lenna,Paprocki,Feltz Printing Service,639 Main St,Anchorage,US,Anchorage,AK,99501,907-385-4412,907-921-2010,lpaprocki@hotmail.com,http://www.feltzprintingservice.com,,,,
Donette,Foller,Printing Dimensions,34 Center St,Hamilton,US,Butler,OH,45011,513-570-1893,513-549-4561,donette.foller@cox.net,http://www.printingdimensions.com,,,,
Simona,Morasca,"Chapman, Ross E Esq",3 Mcauley Dr,Ashland,US,Ashland,OH,44805,419-503-2484,419-800-6759,simona@morasca.com,http://www.chapmanrosseesq.com,,,,
Mitsue,Tollner,Morlong Associates,7 Eads St,Chicago,US,Cook,IL,60632,773-573-6914,773-924-8565,mitsue_tollner@yahoo.com,http://www.morlongassociates.com,,,,
Leota,Dilliard,Commercial Press,7 W Jackson Blvd,San Jose,US,Santa Clara,CA,95111,408-752-3500,408-813-1105,leota@hotmail.com,http://www.commercialpress.com,,,,
Sage,Wieser,Truhlar And Truhlar Attys,5 Boston Ave #88,Sioux Falls,US,Minnehaha,SD,57105,605-414-2147,605-794-4895,sage_wieser@cox.net,http://www.truhlarandtruhlarattys.com,,,,
